{
  "mean_em": 0.322,
  "mean_token_f1": 0.4945206562958885,
  "mean_semantic_match": 0.5878819364150986,
  "mean_retrieval_precision_at_5": 0.31020000000000003,
  "mean_citation_grounding_rate": 0.7227333333333333,
  "mean_num_citations": 1.208,
  "mean_num_grounded": 1.056,
  "mean_has_hallucination": 0.082,
  "mean_faithfulness": 0.77,
  "mean_factscore": 0.7733333333333333,
  "mean_num_claims": 1.9,
  "mean_num_supported_claims": 1.5,
  "n": 500,
  "experiment": "E1-BM25",
  "model": "or/gpt-4o-mini",
  "hallucination_rate": 0.082,
  "factscore_n": 50
}