{
  "mean_citation_grounding_rate": 0.6666666666666666,
  "mean_em": 0.3333333333333333,
  "mean_factscore": 0.7777777777777778,
  "mean_faithfulness": 0.6666666666666666,
  "mean_has_hallucination": 0.0,
  "mean_num_citations": 1.3333333333333333,
  "mean_num_claims": 2.3333333333333335,
  "mean_num_grounded": 1.3333333333333333,
  "mean_num_supported_claims": 1.6666666666666667,
  "mean_retrieval_precision_at_5": 0.3333333333333333,
  "mean_semantic_match": 0.4509710863689955,
  "mean_token_f1": 0.4444444444444445,
  "n": 3,
  "experiment": "E3-Hybrid",
  "model": "or/gpt-4o-mini",
  "hallucination_rate": 0.0,
  "factscore_n": 3
}